"","age","female_grp_count","female_pct"
"1","25 to 44",52098,0.11858916722625
"2","45 to 65",173449,0.394816930903793
"3","65 and over",88807,0.202148799836108
"4","under 25",120828,0.275037273937835
