"","age","male_grp_count","male_pct"
"1","25 to 44",53653,0.127166931336067
"2","45 to 65",170279,0.403590813206608
"3","65 and over",69494,0.164712853452158
"4","under 25",128484,0.304529402005167
